date,Close,returns
2024-08-12,102.08863084456044,0.02088630844560427
2024-08-13,101.57908112445324,-0.004991248446489994
2024-08-14,101.68003467795381,0.000993841964143013
2024-08-15,102.23827793620357,0.005490195395958094
2024-08-16,101.33172332051437,-0.008867076343508863
2024-08-19,101.39503405125313,0.0006247868748713775
2024-08-20,101.45478770323128,0.0005893153697048236
2024-08-21,99.37935839211752,-0.02045669167614505
2024-08-22,100.65259640313808,0.012811896067961919
2024-08-23,101.43828877814236,0.007805982191034593
2024-08-26,100.73784241295176,-0.006905147687601116
2024-08-27,100.59090829796892,-0.0014585791343486544
2024-08-28,101.26120511910187,0.0066635924903610195
2024-08-29,101.00437865535837,-0.002536276982299764
2024-08-30,100.77075664422581,-0.0023129889440705593
2024-09-02,99.07388825753131,-0.01683889694988949
2024-09-03,99.79266572468826,0.007254963742702654
2024-09-04,100.00089019337486,0.002086570863444461
2024-09-05,100.3902455678717,0.003893519085119563
2024-09-06,98.6115016437749,-0.017718294382438084
2024-09-09,100.62400424849092,0.020408396294237706
2024-09-10,100.87073696594547,0.0024520264254762965
2024-09-11,100.462646311466,-0.004045679319436658
2024-09-12,102.96907547750982,0.02494886664913334
2024-09-13,102.97477663238419,5.536764167224687e-05
2024-09-16,101.24396171824391,-0.0168081443897589
2024-09-17,100.81238561348981,-0.004262734265132241
2024-09-18,98.10458699127616,-0.02685978122366067
2024-09-19,99.39885712423161,0.013192758592119056
2024-09-20,98.96173158311635,-0.0043976918222402225
2024-09-23,98.13929603029752,-0.008310642302454813
2024-09-24,99.46119717263177,0.013469641578905945
2024-09-25,97.5502584339976,-0.019212907072870065
2024-09-26,98.23556385405111,0.0070251522759130925
2024-09-27,95.86091776580444,-0.02417297763745411
2024-09-30,95.15673189237202,-0.0073459120760017045
2024-10-01,93.83875043166096,-0.013850638147196791
2024-10-02,95.54133327415107,0.01814370752656229
2024-10-03,97.62355445476372,0.021793930535152006
2024-10-04,97.29622609126018,-0.0033529650229567817
2024-10-07,98.33620588623538,0.010688798905722429
2024-10-08,98.18281745204384,-0.001559836815028204
2024-10-09,98.91101414153489,0.007416742647935783
2024-10-10,98.0767940630416,-0.008434046357057577
2024-10-11,96.1250589528534,-0.019900070438004673
2024-10-14,94.102858410095,-0.021037183901756892
2024-10-15,94.59195446157807,0.0051974622210901435
2024-10-16,97.19996254085407,0.027571140633692395
2024-10-17,97.57252412309983,0.0038329395660946443
2024-10-18,97.01682367499473,-0.005695255432810228
2024-10-21,99.30100973116119,0.023544226347983286
2024-10-22,99.64336209278558,0.0034476221596463213
2024-10-23,99.82443478984472,0.001817207822539385
2024-10-24,100.18689060702631,0.0036309328266638102
2024-10-25,100.0878532236526,-0.0009885263708021659
2024-10-28,99.77620806495015,-0.003113716087066565
2024-10-29,98.11797122955595,-0.01661956159242665
2024-10-30,98.76746210772963,0.0066194894781724896
2024-10-31,98.71439381647347,-0.00053730540527873
2024-11-01,100.18691949590524,0.014917031068128129
2024-11-04,99.80362221311894,-0.003825821621374156
2024-11-05,97.58035295658293,-0.022276438542365617
2024-11-06,97.52226068093452,-0.000595327582738374
2024-11-07,99.56968666882669,0.02099444756096017
2024-11-08,99.1713006382855,-0.004001077475178151
2024-11-11,98.17182427119651,-0.010078282332248993
2024-11-12,96.82460220843782,-0.013723103067098197
2024-11-13,95.66268744922834,-0.01200020173290448
2024-11-14,95.37547698628512,-0.0030023248416019568
2024-11-15,94.08220601249067,-0.013559785121498464
2024-11-18,95.82946963777036,0.018571669387171003
2024-11-19,95.56194990226443,-0.0027916228329045653
2024-11-20,95.7438788750107,0.0019037804579367622
2024-11-21,97.45375676793233,0.01785887424880508
2024-11-22,99.27027747119433,0.01863982224500293
2024-11-25,99.07642290971981,-0.0019527956042107303
2024-11-26,99.53055857669197,0.004583690585861978
2024-11-27,100.46816818997955,0.009420319012528317
2024-11-28,100.2959390729722,-0.0017142655241973652
2024-11-29,98.21618701116053,-0.020736154235502104
2024-12-02,99.04674909735336,0.008456468444437322
2024-12-03,100.16916940689417,0.011332227657846392
2024-12-04,100.7287175296658,0.0055860313715761275
2024-12-05,99.67282513395843,-0.010482535880558612
2024-12-06,99.49816567678498,-0.0017523277476955857
2024-12-09,98.85249841642198,-0.0064892378263576396
2024-12-10,98.55628346011184,-0.0029965348479339296
2024-12-11,100.149211446223,0.016162622312720077
2024-12-12,102.04753530263307,0.01895495560071787
2024-12-13,102.92851354450502,0.008633018320915934
2024-12-16,103.66804888655474,0.007184941437339954
2024-12-17,104.57198740189476,0.008719547874670629
2024-12-18,104.61936831693293,0.00045309376072268266
2024-12-19,104.5871495753777,-0.00030796153784479544
2024-12-20,103.8044463054489,-0.007483742248512887
2024-12-23,103.79713749660483,-7.040940060088678e-05
2024-12-24,106.67432811637342,0.02771936383951514
2024-12-25,107.85078295190151,0.011028471951045908
2024-12-26,107.47272235561951,-0.0035054042811223573
2024-12-27,106.92857508434932,-0.005063119825602257
2024-12-30,105.88346803370058,-0.00977387989902895
2024-12-31,106.42267368603125,0.005092444196850907
2025-01-01,106.9865593651164,0.005298548322030967
2025-01-02,105.19801585080168,-0.01671745988401126
2025-01-03,105.87507263377098,0.006436022366900427
2025-01-06,105.21508266130247,-0.006233667246221965
2025-01-07,107.0795627240765,0.01772065387978603
2025-01-08,107.3453478840023,0.0024821278044502046
2025-01-09,109.62243904975169,0.021212760595922822
2025-01-10,109.0855607960191,-0.004897521514632112
2025-01-13,108.7740335535412,-0.0028558063982493755
2025-01-14,109.23063433890658,0.004197700227238798
2025-01-15,110.6802755500719,0.013271379589974463
2025-01-16,111.49826807264485,0.00739058986352887
2025-01-17,109.9147376332673,-0.014202287324730755
2025-01-20,110.22192826741838,0.002794808419377201
2025-01-21,110.31748372008776,0.0008669368624867257
2025-01-22,109.81566899930685,-0.004548823122671904
2025-01-23,109.02749300485485,-0.007177263514708321
2025-01-24,111.37931708352009,0.021570926872183732
2025-01-27,110.92437291745794,-0.004084637776338763
2025-01-28,109.86492628448741,-0.009551071645533694
2025-01-29,110.77080149320018,0.008245353993749285
2025-01-30,111.01089451671332,0.0021674757271470378
2025-01-31,110.97650707203866,-0.000309766395671014
2025-02-03,112.08356672779517,0.009975621732605909
2025-02-04,112.8080194207171,0.006463504990712227
2025-02-05,113.36599947230489,0.004946280011413113
2025-02-06,114.74570969124484,0.01217040581269691
2025-02-07,115.2051098700261,0.004003637086017482
2025-02-10,114.42136220483374,-0.006803063389085673
2025-02-11,113.99258110921599,-0.0037473867410366827
2025-02-12,113.3483328836275,-0.005651668023651744
2025-02-13,113.70160162968436,0.0031166646837192066
2025-02-14,112.29899928255524,-0.012335818731008467
2025-02-17,109.89702345424891,-0.021389111600742916
2025-02-18,110.07921723411583,0.001657859095180748
2025-02-19,108.3797871329791,-0.015438246599468332
2025-02-20,105.9061553555562,-0.022823737182541503
2025-02-21,106.44415538464835,0.005079969405800258
2025-02-24,105.59977239514005,-0.007932638353482487
2025-02-25,106.29182103859179,0.00655350506686891
2025-02-26,105.67849118724808,-0.00577024502309567
2025-02-27,104.31909077370754,-0.012863548658466959
2025-02-28,102.82501083129208,-0.014322210166272189
2025-03-03,102.25133707076881,-0.005579126672444532
2025-03-04,101.9772427833618,-0.0026805936749493575
2025-03-05,101.0307388621103,-0.009281521008194323
2025-03-06,100.75055082384927,-0.002773294953761026
2025-03-07,98.95384332476134,-0.017833227554549694
2025-03-10,98.601040055196,-0.0035653316507117025
2025-03-11,92.90096695191887,-0.05780946225401136
2025-03-12,91.98907990526763,-0.009815689508626931
2025-03-13,93.54542689310613,0.016918823293387276
2025-03-14,96.23562162744787,0.02875816406734469
2025-03-17,100.800212603836,0.047431407406072754
2025-03-18,95.6907879831685,-0.05068862940546076
2025-03-19,97.48611520034822,0.018761756016634566
2025-03-20,100.62404368773802,0.03218846582347541
2025-03-21,103.18157577940663,0.02541670954513899
2025-03-24,99.89217660672925,-0.03187971445318716
2025-03-25,100.7266663537002,0.008353904933479367
2025-03-26,105.94447590115732,0.05180167016681436
2025-03-27,100.7618618579501,-0.04891820927069786
2025-03-28,101.79871461704992,0.010290131007717569
2025-03-31,104.7884120102078,0.029368714569772466
2025-04-01,102.17941837162368,-0.024897730469758104
2025-04-02,103.55772769366783,0.013489109098578658
2025-04-03,99.81652094092951,-0.036126775239846115
2025-04-04,96.98509981085927,-0.028366257442952167
2025-04-07,94.21982113285051,-0.02851240740486542
2025-04-08,94.38651775787477,0.0017692309645675709
2025-04-09,93.7513495403822,-0.006729437980983035
2025-04-10,96.05983179244903,0.024623456231661945
2025-04-11,92.96590085872687,-0.032208373427168244
2025-04-14,92.22791248314203,-0.007938269502774958
2025-04-15,94.51814311248208,0.024832293908405183
2025-04-16,95.73017905061761,0.012823315167048363
2025-04-17,91.54301376742393,-0.04373924006743693
2025-04-18,93.00368421506099,0.015956110548731344
2025-04-21,91.29683071571525,-0.018352536394136976
2025-04-22,91.98718047816088,0.007561596136839476
2025-04-23,92.44899406433704,0.005020412450687248
2025-04-24,95.46094221607619,0.03257956651905887
2025-04-25,95.41290609736551,-0.0005032018079389401
2025-04-28,89.72494430674877,-0.05961417614523118
2025-04-29,85.67872691971777,-0.045095791569375834
2025-04-30,87.21534331979453,0.017934631562821723
2025-05-01,86.1906075158625,-0.011749489997128331
2025-05-02,88.78833828169418,0.030139371802821894
2025-05-05,89.1615302765416,0.00420316453793073
2025-05-06,86.80124873659662,-0.026471972078365782
2025-05-07,89.27267149319748,0.028472202791696443
2025-05-08,86.75322436759903,-0.028221930445874815
2025-05-09,81.0640290062993,-0.06557906524826032
2025-05-12,85.75876036270701,0.05791386653188543
2025-05-13,80.49982166797678,-0.061322466328665864
2025-05-14,81.71475603095615,0.015092385769379574
2025-05-15,83.689438304323,0.02416555306876018
2025-05-16,83.7239163354071,0.00041197589304776266
2025-05-19,79.16080337518416,-0.05450190530914266
2025-05-20,81.25464209355027,0.026450448063826702
2025-05-21,77.41565996244613,-0.04724631149915395
2025-05-22,73.98546055973465,-0.04430885694671399
2025-05-23,72.88677281702432,-0.014850049379948993
2025-05-26,74.31937233852173,0.01965513722350992
2025-05-27,74.69122316228689,0.005003417171923808
2025-05-28,76.20917651863755,0.020323048573625546
2025-05-29,74.89004788275608,-0.017309314916411304
2025-05-30,74.20364325398147,-0.009165498596678789
2025-06-02,71.37543790416588,-0.038114103644955974
2025-06-03,70.4114438381351,-0.013505963596680277
2025-06-04,71.38268834928193,0.013793844554296868
2025-06-05,70.45508161982647,-0.012994841619253588
2025-06-06,71.17821754558886,0.010263786644438461
2025-06-09,69.66936549370422,-0.02119822754648558
2025-06-10,68.1525416399254,-0.021771747783692546
2025-06-11,67.96001476431186,-0.0028249405081725012
2025-06-12,67.29085021101034,-0.009846445084248718
2025-06-13,68.21755000897953,0.013771557278043738
2025-06-16,68.30955551312964,0.0013487072481788084
2025-06-17,71.60278574739328,0.04821038886178472
2025-06-18,70.84488206502677,-0.010584835135330026
2025-06-19,70.07851192163817,-0.010817579492689022
2025-06-20,67.6114727593455,-0.035203931913555864
2025-06-23,67.38722842601838,-0.0033166609774244174
2025-06-24,68.49809800230028,0.016484868160165977
2025-06-25,66.70284030841921,-0.026208869242190853
2025-06-26,66.33663051686713,-0.005490167882788833
2025-06-27,67.50128302396307,0.017556702805395105
2025-06-30,66.97428198029618,-0.007807274470320747
2025-07-01,65.66331941256726,-0.019574119034446783
2025-07-02,67.31756192625285,0.025192794523406094
2025-07-03,67.2442252969196,-0.0010894130333120662
2025-07-04,67.7752485848,0.007896935172286474
2025-07-07,69.88589205881954,0.031141803506315558
2025-07-08,72.00759123012675,0.030359477554088982
2025-07-09,70.96952075985685,-0.014416125474220677
2025-07-10,69.56695781529805,-0.01976289158418756
2025-07-11,69.88204521118573,0.00452926799996394
2025-07-14,69.3241330941098,-0.007983626057163986
2025-07-15,65.09564939298494,-0.060995839578470434
2025-07-16,67.32588180528418,0.03426085203997663
2025-07-17,67.0956838314673,-0.003419160175022303
2025-07-18,68.30953459306255,0.018091338999453987
2025-07-21,65.63265491601614,-0.03918749692840509
2025-07-22,67.90657088535927,0.0346461067627518
2025-07-23,66.43653730364512,-0.0216478841818692
2025-07-24,65.956200328135,-0.007230012204199829
2025-07-25,62.91939613898258,-0.0460427400918213
2025-07-28,62.35258725580524,-0.009008492101947624
2025-07-29,61.67331081383716,-0.01089411798072315
